{
    "Meta data": {
        "Included titles": {
            "J/ApJ/838/83": [
                "__KCS2015_",
                "__MIC2016_",
                "Teff",
                "logg",
                "__Fe_H_CaT",
                "e__Fe_H_CaT",
                "__Fe_H_",
                "e__Fe_H_",
                "__Mg_Fe_",
                "e__Mg_Fe_",
                "__Si_Fe_",
                "e__Si_Fe_",
                "__Ca_Fe_",
                "e__Ca_Fe_",
                "__Ti_Fe_",
                "e__Ti_Fe_",
                "__a_Fe_",
                "e__a_Fe_"
            ]
        },
        "Member count": 6
    },
    "TriII": {
        "TriII_0000": {
            "J/ApJ/838/83": {
                "__KCS2015_": 128.0,
                "__MIC2016_": NaN,
                "Teff": 5466.0,
                "logg": 3.1700000762939453,
                "__Fe_H_CaT": -3.009999990463257,
                "e__Fe_H_CaT": 0.07999999821186066,
                "__Fe_H_": -2.440000057220459,
                "e__Fe_H_": 0.15000000596046448,
                "__Mg_Fe_": 0.46000000834465027,
                "e__Mg_Fe_": 0.8299999833106995,
                "__Si_Fe_": NaN,
                "e__Si_Fe_": NaN,
                "__Ca_Fe_": 0.38999998569488525,
                "e__Ca_Fe_": 0.2199999988079071,
                "__Ti_Fe_": NaN,
                "e__Ti_Fe_": NaN,
                "__a_Fe_": 0.07999999821186066,
                "e__a_Fe_": 0.2800000011920929,
                "dSph": "TriII"
            }
        },
        "TriII_0001": {
            "J/ApJ/838/83": {
                "__KCS2015_": 116.0,
                "__MIC2016_": 21.0,
                "Teff": 5635.0,
                "logg": 3.4100000858306885,
                "__Fe_H_CaT": -3.140000104904175,
                "e__Fe_H_CaT": 0.12999999523162842,
                "__Fe_H_": -2.859999895095825,
                "e__Fe_H_": 0.20999999344348907,
                "__Mg_Fe_": 1.0700000524520874,
                "e__Mg_Fe_": 0.6700000166893005,
                "__Si_Fe_": 0.5899999737739563,
                "e__Si_Fe_": 0.5,
                "__Ca_Fe_": 0.23999999463558197,
                "e__Ca_Fe_": 0.36000001430511475,
                "__Ti_Fe_": 1.0,
                "e__Ti_Fe_": 0.4399999976158142,
                "__a_Fe_": 0.41999998688697815,
                "e__a_Fe_": 0.36000001430511475,
                "dSph": "TriII"
            }
        },
        "TriII_0002": {
            "J/ApJ/838/83": {
                "__KCS2015_": 106.0,
                "__MIC2016_": 40.0,
                "Teff": 4917.0,
                "logg": 1.8899999856948853,
                "__Fe_H_CaT": -2.7100000381469727,
                "e__Fe_H_CaT": 0.019999999552965164,
                "__Fe_H_": -2.7799999713897705,
                "e__Fe_H_": 0.10999999940395355,
                "__Mg_Fe_": 0.5899999737739563,
                "e__Mg_Fe_": 0.3799999952316284,
                "__Si_Fe_": 0.4300000071525574,
                "e__Si_Fe_": 0.17000000178813934,
                "__Ca_Fe_": 0.44999998807907104,
                "e__Ca_Fe_": 0.11999999731779099,
                "__Ti_Fe_": 0.27000001072883606,
                "e__Ti_Fe_": 0.14000000059604645,
                "__a_Fe_": 0.4000000059604645,
                "e__a_Fe_": 0.10000000149011612,
                "dSph": "TriII"
            }
        },
        "TriII_0003": {
            "J/ApJ/838/83": {
                "__KCS2015_": 91.0,
                "__MIC2016_": 20.0,
                "Teff": 5434.0,
                "logg": 3.3299999237060547,
                "__Fe_H_CaT": -2.130000114440918,
                "e__Fe_H_CaT": 0.05999999865889549,
                "__Fe_H_": -2.5299999713897705,
                "e__Fe_H_": 0.17000000178813934,
                "__Mg_Fe_": NaN,
                "e__Mg_Fe_": NaN,
                "__Si_Fe_": 0.5,
                "e__Si_Fe_": 0.3499999940395355,
                "__Ca_Fe_": -0.27000001072883606,
                "e__Ca_Fe_": 0.8299999833106995,
                "__Ti_Fe_": 0.7099999785423279,
                "e__Ti_Fe_": 0.41999998688697815,
                "__a_Fe_": 0.1599999964237213,
                "e__a_Fe_": 0.33000001311302185,
                "dSph": "TriII"
            }
        },
        "TriII_0004": {
            "J/ApJ/838/83": {
                "__KCS2015_": 65.0,
                "__MIC2016_": 46.0,
                "Teff": 5282.0,
                "logg": 2.740000009536743,
                "__Fe_H_CaT": -2.559999942779541,
                "e__Fe_H_CaT": 0.03999999910593033,
                "__Fe_H_": -1.909999966621399,
                "e__Fe_H_": 0.10999999940395355,
                "__Mg_Fe_": 0.20999999344348907,
                "e__Mg_Fe_": 0.2800000011920929,
                "__Si_Fe_": NaN,
                "e__Si_Fe_": NaN,
                "__Ca_Fe_": -0.38999998569488525,
                "e__Ca_Fe_": 0.15000000596046448,
                "__Ti_Fe_": -0.7900000214576721,
                "e__Ti_Fe_": 0.7599999904632568,
                "__a_Fe_": -0.47999998927116394,
                "e__a_Fe_": 0.15000000596046448,
                "dSph": "TriII"
            }
        },
        "TriII_0005": {
            "J/ApJ/838/83": {
                "__KCS2015_": NaN,
                "__MIC2016_": 31.0,
                "Teff": 5551.0,
                "logg": 3.490000009536743,
                "__Fe_H_CaT": -0.8999999761581421,
                "e__Fe_H_CaT": 0.07000000029802322,
                "__Fe_H_": -1.399999976158142,
                "e__Fe_H_": 0.12999999523162842,
                "__Mg_Fe_": 0.8899999856948853,
                "e__Mg_Fe_": 0.25999999046325684,
                "__Si_Fe_": -0.09000000357627869,
                "e__Si_Fe_": 0.2800000011920929,
                "__Ca_Fe_": -0.3700000047683716,
                "e__Ca_Fe_": 0.25,
                "__Ti_Fe_": NaN,
                "e__Ti_Fe_": NaN,
                "__a_Fe_": -0.2800000011920929,
                "e__a_Fe_": 0.23000000417232513,
                "dSph": "TriII"
            }
        }
    }
}