{
    "Meta data": {
        "Included titles": {
            "Kirby 2017": {
                "Columns": [
                    "_",
                    "ID_K15",
                    "ID_M16",
                    "T_eff",
                    "log_g",
                    "Fe_H_CaT",
                    "e_Fe_H_CaT",
                    "Fe_H",
                    "e_Fe_H",
                    "Mg_Fe",
                    "e_Mg_Fe",
                    "Si_Fe",
                    "e_Si_Fe",
                    "Ca_Fe",
                    "e_Ca_Fe",
                    "Ti_Fe",
                    "e_Ti_Fe",
                    "a_Fe",
                    "e_a_Fe"
                ],
                "Table info": {
                    "Data source": "Vizier",
                    "Paper tag": "J/ApJ/838/83",
                    "Tables used": [
                        "table4"
                    ]
                },
                "Members": [
                    "TriII"
                ]
            }
        },
        "Member count": "6 stars in 1 galaxies."
    },
    "TriII": {
        "128_--": {
            "Kirby 2017": {
                "Name": "128_--",
                "ID_K15": 128.0,
                "ID_M16": NaN,
                "T_eff": 5466.0,
                "log_g": 3.1700000762939453,
                "Fe_H_CaT": -3.009999990463257,
                "e_Fe_H_CaT": 0.07999999821186066,
                "Fe_H": -2.440000057220459,
                "e_Fe_H": 0.15000000596046448,
                "Mg_Fe": 0.46000000834465027,
                "e_Mg_Fe": 0.8299999833106995,
                "Si_Fe": NaN,
                "e_Si_Fe": NaN,
                "Ca_Fe": 0.38999998569488525,
                "e_Ca_Fe": 0.2199999988079071,
                "Ti_Fe": NaN,
                "e_Ti_Fe": NaN,
                "a_Fe": 0.07999999821186066,
                "e_a_Fe": 0.2800000011920929,
                "Galaxy": "TriII"
            }
        },
        "116_21": {
            "Kirby 2017": {
                "Name": "116_21",
                "ID_K15": 116.0,
                "ID_M16": 21.0,
                "T_eff": 5635.0,
                "log_g": 3.4100000858306885,
                "Fe_H_CaT": -3.140000104904175,
                "e_Fe_H_CaT": 0.12999999523162842,
                "Fe_H": -2.859999895095825,
                "e_Fe_H": 0.20999999344348907,
                "Mg_Fe": 1.0700000524520874,
                "e_Mg_Fe": 0.6700000166893005,
                "Si_Fe": 0.5899999737739563,
                "e_Si_Fe": 0.5,
                "Ca_Fe": 0.23999999463558197,
                "e_Ca_Fe": 0.36000001430511475,
                "Ti_Fe": 1.0,
                "e_Ti_Fe": 0.4399999976158142,
                "a_Fe": 0.41999998688697815,
                "e_a_Fe": 0.36000001430511475,
                "Galaxy": "TriII"
            }
        },
        "106_40": {
            "Kirby 2017": {
                "Name": "106_40",
                "ID_K15": 106.0,
                "ID_M16": 40.0,
                "T_eff": 4917.0,
                "log_g": 1.8899999856948853,
                "Fe_H_CaT": -2.7100000381469727,
                "e_Fe_H_CaT": 0.019999999552965164,
                "Fe_H": -2.7799999713897705,
                "e_Fe_H": 0.10999999940395355,
                "Mg_Fe": 0.5899999737739563,
                "e_Mg_Fe": 0.3799999952316284,
                "Si_Fe": 0.4300000071525574,
                "e_Si_Fe": 0.17000000178813934,
                "Ca_Fe": 0.44999998807907104,
                "e_Ca_Fe": 0.11999999731779099,
                "Ti_Fe": 0.27000001072883606,
                "e_Ti_Fe": 0.14000000059604645,
                "a_Fe": 0.4000000059604645,
                "e_a_Fe": 0.10000000149011612,
                "Galaxy": "TriII"
            }
        },
        "91_20": {
            "Kirby 2017": {
                "Name": "91_20",
                "ID_K15": 91.0,
                "ID_M16": 20.0,
                "T_eff": 5434.0,
                "log_g": 3.3299999237060547,
                "Fe_H_CaT": -2.130000114440918,
                "e_Fe_H_CaT": 0.05999999865889549,
                "Fe_H": -2.5299999713897705,
                "e_Fe_H": 0.17000000178813934,
                "Mg_Fe": NaN,
                "e_Mg_Fe": NaN,
                "Si_Fe": 0.5,
                "e_Si_Fe": 0.3499999940395355,
                "Ca_Fe": -0.27000001072883606,
                "e_Ca_Fe": 0.8299999833106995,
                "Ti_Fe": 0.7099999785423279,
                "e_Ti_Fe": 0.41999998688697815,
                "a_Fe": 0.1599999964237213,
                "e_a_Fe": 0.33000001311302185,
                "Galaxy": "TriII"
            }
        },
        "65_46": {
            "Kirby 2017": {
                "Name": "65_46",
                "ID_K15": 65.0,
                "ID_M16": 46.0,
                "T_eff": 5282.0,
                "log_g": 2.740000009536743,
                "Fe_H_CaT": -2.559999942779541,
                "e_Fe_H_CaT": 0.03999999910593033,
                "Fe_H": -1.909999966621399,
                "e_Fe_H": 0.10999999940395355,
                "Mg_Fe": 0.20999999344348907,
                "e_Mg_Fe": 0.2800000011920929,
                "Si_Fe": NaN,
                "e_Si_Fe": NaN,
                "Ca_Fe": -0.38999998569488525,
                "e_Ca_Fe": 0.15000000596046448,
                "Ti_Fe": -0.7900000214576721,
                "e_Ti_Fe": 0.7599999904632568,
                "a_Fe": -0.47999998927116394,
                "e_a_Fe": 0.15000000596046448,
                "Galaxy": "TriII"
            }
        },
        "--_31": {
            "Kirby 2017": {
                "Name": "--_31",
                "ID_K15": NaN,
                "ID_M16": 31.0,
                "T_eff": 5551.0,
                "log_g": 3.490000009536743,
                "Fe_H_CaT": -0.8999999761581421,
                "e_Fe_H_CaT": 0.07000000029802322,
                "Fe_H": -1.399999976158142,
                "e_Fe_H": 0.12999999523162842,
                "Mg_Fe": 0.8899999856948853,
                "e_Mg_Fe": 0.25999999046325684,
                "Si_Fe": -0.09000000357627869,
                "e_Si_Fe": 0.2800000011920929,
                "Ca_Fe": -0.3700000047683716,
                "e_Ca_Fe": 0.25,
                "Ti_Fe": NaN,
                "e_Ti_Fe": NaN,
                "a_Fe": -0.2800000011920929,
                "e_a_Fe": 0.23000000417232513,
                "Galaxy": "TriII"
            }
        }
    }
}